Gender,Height,Weight
0,187.571423224,109.721074611
0,174.706036277,73.6227919068
0,188.239667695,96.4976288677
0,182.196685144,99.8095856054
0,177.499761487,93.598695114
0,170.822659847,69.0422724727
0,174.714106379,83.428286901
0,173.605229399,76.1904140985
0,170.228132144,79.8002518219
0,161.179494705,70.9416998797
0,180.836270999,84.6425704386
0,181.967645003,96.9513636353
0,164.506475999,75.8077411604
0,175.978998046,85.9313424027
0,175.879079864,84.5651161217
0,171.819874039,78.1026776881
0,183.94252423,88.917034774
0,162.494787331,78.4186229858
0,176.885752145,84.3609040976
0,172.557452329,82.7473356235
0,172.504227492,78.9776569268
0,176.376177265,89.6894641537
0,168.018795181,67.6639913469
0,191.02317298,103.764598235
0,172.4487187,73.4849811676
0,173.085843307,87.2457601918
0,175.487663829,83.6583878713
0,184.914142532,93.815688622
0,171.249955396,79.4756983181
0,173.980895006,70.0086433825
0,174.290000798,85.0516733783
0,188.045871359,96.5744537026
0,181.68166873,88.4651374349
0,175.717609193,93.0697250894
0,176.726094008,92.6072895473
0,178.818359377,87.499562584
0,175.453474766,89.5791600076
0,170.671549138,83.3752549807
0,167.150581764,74.3219375755
0,163.332637245,73.984552064
0,172.654814017,78.0793935891
0,183.361141936,88.0175150953
0,165.786677631,76.4837231249
0,167.869050536,73.1161111199
0,171.47621665,74.688645409
0,178.066157088,85.6937152322
0,173.35966456,84.8492391895
0,183.318681154,94.8329484231
0,175.716838352,87.0962374735
0,185.090714774,95.8633440141
0,164.547760764,75.1201700196
0,178.266216714,91.2046878712
0,173.968283642,78.6637851884
0,171.020310438,82.2851391835
0,170.15699797,76.991728978
0,168.908856747,74.0759559896
0,173.616763882,86.051103741
0,179.767126039,87.1463648436
0,180.88844612,89.9013110649
0,177.833947987,95.0396216389
0,181.364082841,90.1559254133
0,176.662092941,89.8473605829
0,187.499077777,88.5823316219
0,170.172082191,74.817023722
0,181.402903368,81.5848937395
0,165.809422531,70.4204062661
0,173.416446345,83.6965879874
0,184.824039664,100.097875835
0,172.972424693,83.1492217718
0,174.997633423,89.1088163318
0,175.995355307,83.7311594605
0,179.12899029,94.1353120765
0,176.945862075,80.376989239
0,171.691982772,73.9845452881
0,184.170625765,98.074939434
0,180.982583434,92.8301704764
0,182.395334699,91.1360380812
0,183.502720317,100.199357338
0,168.942074259,89.1081577381
0,167.713746372,76.4941847043
0,171.645971015,82.2964942889
0,173.346284248,90.1100584552
0,187.518362587,107.917216083
0,177.298259476,78.4901933756
0,167.537327574,72.8849985696
0,180.540704642,85.5488450502
0,169.154339205,94.5040171367
0,175.136899136,87.74069382
0,173.340932952,78.9748286465
0,183.684735812,89.5248861612
0,182.411167942,91.4535960711
0,165.702105778,82.1056499405
0,179.42694643,82.6093700454
0,164.419091017,80.534991188
0,170.443020003,74.8312110415
0,165.398411616,75.1680176679
0,182.121134418,87.5860392747
0,169.755510643,81.9568325119
0,168.837039164,78.3688424568
0,176.3052766,80.499317421
0,177.932530785,91.0898469983
0,169.528755816,76.0854822417
0,168.336795953,70.0326773612
0,173.554257902,80.7325148712
0,177.992756016,83.4332620621
0,174.581789898,81.2859218138
0,171.592370205,71.9252292043
0,168.284226638,75.5247315313
0,175.722794809,78.0104839293
0,171.727126552,79.0902627282
0,176.003554576,85.1598591082
0,173.20433738,91.3934023827
0,181.881997929,92.9533291122
0,175.760018076,81.0504005082
0,170.845380887,74.3956929937
0,187.160391236,101.273570451
0,176.624526119,92.0603391521
0,173.511361997,85.9066688933
0,172.056967205,80.8168045691
0,182.132637007,101.286874691
0,161.625952094,75.7629469112
0,174.551844077,81.8592171845
0,170.051327791,74.5883417836
0,159.275753928,68.0250746476
0,183.536358666,87.5026250025
0,180.107978779,91.5730414357
0,171.729002748,81.5867641935
0,179.835959747,89.1162608634
0,176.034113374,85.0719971902
0,168.256961787,77.8787072146
0,171.430170162,86.9534780622
0,167.14787066,75.2285883948
0,181.46701238,84.2152028578
0,173.899590789,80.8672645209
0,162.529328497,68.4829456769
0,180.344820122,95.2223393473
0,173.074899449,78.9966512253
0,173.72431663,81.591731537
0,172.964398152,76.0888233592
0,173.077099504,83.027661314
0,174.904629384,76.9096801882
0,168.018085457,78.6672834351
0,168.163321415,82.0501217835
0,171.277585345,83.2382517697
0,176.456609319,93.4300084397
0,179.110283624,83.3520636918
0,181.199475141,91.6050182309
0,180.344939709,98.0304259763
0,168.153963174,72.2982347022
0,184.259999895,95.4069973597
0,171.397553465,81.0199207745
0,165.990042812,66.5600525829
0,179.943918549,88.8755349929
0,177.643727159,77.1904688478
0,164.439131327,76.9537844889
0,176.043343316,89.9830618073
0,174.849695664,81.6047676972
0,157.3208011,66.7976845752
0,174.227072259,80.2787059188
0,165.655181968,84.1267736869
0,163.407466192,80.5098344632
0,174.622223022,77.0324479739
0,184.123724717,90.0751431478
0,170.774184532,92.238162332
0,170.849556302,87.6420620802
0,165.401000879,80.8006519635
0,168.307562897,73.8355770241
0,171.962266335,72.2511458516
0,166.447967755,78.0697386689
0,177.467183315,91.5517425044
0,173.943963426,77.2705168959
0,183.423466898,93.1632283336
0,173.176013043,77.0144361186
0,182.832264619,90.9168347192
0,167.805447301,81.0065869176
0,169.306656991,76.2098819423
0,171.702537456,80.6334944032
0,173.344697998,87.6692555379
0,164.613898459,73.6541206782
0,171.430234405,83.1815035254
0,173.179055995,82.1256633634
0,176.665597653,95.6498390551
0,168.661714158,75.1006078919
0,169.144079071,88.9714402376
0,182.71715192,91.6467168347
0,173.449085989,77.2983098366
0,177.686846036,91.6021106267
0,182.501868029,87.7188606505
0,167.018966547,81.5811685106
0,170.260904281,70.982640497
0,194.842980539,106.610272657
0,184.330648283,104.580499481
0,177.111164439,92.485513378
0,184.910028972,98.9812925244
0,184.249959343,101.000132955
0,183.628648196,94.5626085047
0,170.823445032,82.0003288645
0,192.898929355,105.199296338
0,168.443229074,77.380072405
0,180.736375865,85.3984960612
0,180.828193809,88.932013679
0,183.381680498,97.3425483544
0,190.857686442,101.661059407
0,163.605284574,71.9304046651
0,164.42543787,75.523635245
0,161.07305133,72.6385613734
0,172.335609693,79.9105627007
0,167.466733465,79.1451983379
0,180.255038108,87.9545083486
0,171.655098084,84.8179660562
0,174.216746912,78.7417285748
0,178.624873748,87.7005245196
0,183.881980229,94.5452101292
0,179.884976055,93.4549866988
0,167.394385203,78.2788080131
0,189.980252555,105.521643723
0,171.909534347,80.3947776544
0,170.576145433,79.6719984969
0,182.308096711,96.445577661
0,164.24968914,75.7359569638
0,173.03183164,89.0920801268
0,169.638795188,75.0383492332
0,169.686858585,80.0889081006
0,172.430475047,79.2208303521
0,175.700885375,88.5582536286
0,178.371305249,93.2968918843
0,164.733729911,71.8224701095
0,172.26557691,76.6938552649
0,161.138228566,61.5324702384
0,182.495024514,98.9545636013
0,169.489307064,70.7148424333
0,182.799496356,91.4116436225
0,193.094222589,107.014260994
0,181.549297258,88.6286004875
0,171.119313958,80.1208160602
0,179.210319149,90.0200545133
0,177.462437255,84.2397733667
0,172.586827907,80.4435997621
0,188.225579514,97.8669552719
0,175.686304201,84.8319428677
0,169.055360575,77.8309551106
0,169.422076675,78.3988186301
0,170.805004984,76.3306541565
0,175.390519132,74.3077238273
0,179.508777829,86.1931798655
0,166.367447608,71.1550131592
0,165.575540968,78.2929835016
0,171.623083235,76.6861327283
0,187.491079648,104.949711494
0,181.880673089,94.0072349334
0,172.020863059,78.0871839343
0,173.307075159,90.6403463534
0,167.460731144,76.2445284512
0,181.733179103,89.7294679247
0,175.67752805,89.3088518141
0,174.238054683,81.7472243622
0,180.48607765,85.7897449484
0,161.655911337,71.859335811
0,180.803436705,94.7657347726
0,167.966829851,84.8857838973
0,165.245727712,71.4781885904
0,172.952090871,82.3925342976
0,180.322585504,92.8715310029
0,188.521784189,104.838890551
0,176.090880176,84.4854025213
0,164.925609173,82.142797522
0,173.600979479,90.2290386102
0,180.159977715,92.2472903981
0,156.153635372,73.0414133222
0,173.966664305,86.0948626586
0,183.006720272,90.810475463
0,184.205034245,100.635205368
0,180.934134939,97.0960499541
0,183.538152573,91.4902258638
0,171.615201358,84.9066374341
0,183.559721767,89.1433594794
0,159.004629914,68.8193535826
0,168.240550721,75.8848832418
0,176.912111027,90.1939833122
0,175.986240372,81.0975748003
0,179.642207993,87.7879280553
0,174.824681998,89.6924049779
0,167.676647713,83.6704702623
0,168.693800433,70.3951643011
0,169.203685955,73.0247382367
0,172.808447327,85.7672691286
0,179.076091032,78.465028632
0,175.660632912,88.8565938296
0,179.819357439,97.860945981
0,165.593717893,75.6171924425
0,189.95571437,108.619198828
0,180.509941941,83.5876598592
0,176.108862376,90.7111670381
0,177.543978035,86.8231275665
0,163.639992231,76.7067341784
0,172.344411974,88.3346295026
0,171.5746365,83.1283010986
0,189.909314986,95.4221854683
0,181.404122805,89.8305596283
0,170.485674741,78.3191139671
0,177.443353297,89.3898367026
0,173.814266014,86.4119818746
0,172.551045822,83.7129589782
0,173.978171614,81.614791967
0,165.720124263,72.349443476
0,178.270794199,89.7589025487
0,180.604498238,98.5518351509
0,173.856849499,85.2333746939
0,166.168265133,80.2231105156
0,171.960001809,83.9818117926
0,188.526580178,101.290823242
0,180.764804512,93.8677575587
0,170.7661606,77.5719793973
0,172.416620352,79.4797468868
0,171.13599369,78.612273064
0,174.6535672,82.1573595893
0,182.131392152,91.9019002754
0,176.227726773,90.6508524716
0,187.239980191,101.384572638
0,176.411575568,99.4554371773
0,179.797176116,95.8060027282
0,182.291897892,91.0808865778
0,176.132373055,94.7145208745
0,165.826504792,73.2189174051
0,180.141484811,94.272798665
0,174.235523223,82.0236697035
0,174.253642939,80.2021509067
0,176.476010064,88.2707845661
0,167.464476386,73.9393808436
0,174.049297057,78.5942480303
0,187.779975281,97.8036028889
0,180.842762068,95.315419047
0,169.053730657,83.933786332
0,182.225381622,85.2596510154
0,177.151866502,85.3575224092
0,169.546661479,81.4388890706
0,177.018752533,96.0338639654
0,178.82493275,89.671647258
0,175.310129719,84.4988117897
0,164.420009374,75.3444470683
0,180.33510908,85.6435782277
0,163.727928203,73.2001802089
0,177.163787361,87.759354782
0,181.678195983,85.8569826073
0,173.552906294,94.24965642
0,179.742389217,90.4114347208
0,181.404386071,95.1901039774
0,176.251804201,81.7262197068
0,182.884399833,89.0013612928
0,175.746346432,85.9280125651
0,168.062562739,75.0761630552
0,170.871243208,82.7326785477
0,180.126221925,85.9818980271
0,175.564514986,86.0128677793
0,171.218925713,77.1974866549
0,185.264168562,98.0201566373
0,179.046958888,80.3165914184
0,175.280979033,88.9273233487
0,169.575759191,76.0676655357
0,175.566485873,81.4687594471
0,185.740718657,100.090329704
0,171.416532694,74.5230678595
0,164.985898971,71.0075206514
0,172.16752225,83.3163132854
0,171.862492942,77.2492724164
0,168.850048396,76.4880402848
0,185.387158311,95.0901856906
0,176.690609984,88.6074673436
0,180.349042754,88.1432492955
0,177.5857189,99.5036132593
0,182.110740142,93.0598036386
0,171.830849778,81.1397977563
0,173.470708594,82.4290423517
0,174.465629411,92.3334142627
0,175.046059979,74.9134555033
0,175.160634369,89.7801862272
0,170.807977419,78.6003152177
0,175.046293648,83.4373135234
0,167.229903039,63.2915790473
0,164.264531892,72.6602955792
0,168.391580218,74.2095270957
0,170.427867798,87.976556859
0,170.175655921,86.1341712693
0,180.243406093,83.5625699464
0,173.7890154,86.5434021581
0,171.83742007,85.366392196
0,192.075290622,102.606122983
0,179.195074737,89.7565738208
0,174.98273083,86.4154640416
0,173.442711076,79.9441054853
0,165.087498778,80.6156540067
0,166.562459718,78.7851809524
0,176.03746413,95.4647228305
0,166.889977172,77.1563176538
0,172.222137166,78.6800834242
0,175.809014172,83.8858716634
0,172.758115263,88.1270762723
0,157.294450316,67.6531590303
0,170.856561298,87.3032725207
0,171.899127509,81.5335950022
0,177.726095185,92.0172418724
0,165.896192304,74.0976391605
0,182.641253819,98.4421154409
0,168.234116267,83.0805375217
0,167.169954774,75.5610546933
0,185.026167552,93.1002372547
0,180.21158637,86.047873656
0,181.213271374,99.1490943761
0,180.481386961,92.1424968665
0,157.290890129,63.4598724194
0,174.656642197,89.0373726231
0,171.663211221,81.618055346
0,171.098704459,74.4553379661
0,167.333057653,76.2828353043
0,174.484695864,86.0657692719
0,176.618548346,88.5278004338
0,169.252114704,86.3948128317
0,177.317149997,92.7263452144
0,174.446879161,88.9728794759
0,181.902554026,95.1050632436
0,177.012080147,86.6059336404
0,180.088759368,89.7862656404
0,172.734767541,84.7221361146
0,179.363989705,85.5764747436
0,181.79083316,80.0030994049
0,185.452672688,94.9502564724
0,154.300219383,61.7647049317
0,175.468583849,86.606741947
0,176.120393575,86.8382880515
0,172.103129787,83.8865700088
0,193.108787932,105.37561788
0,183.458145047,91.5253485792
0,175.059445016,85.4245099343
0,165.950716309,79.2224916497
0,167.468304767,83.4352949717
0,178.985390848,85.0564809411
0,185.879850798,96.9995729668
0,174.119234404,79.4782368008
0,174.064696956,76.9042301232
0,161.534996768,65.5857927739
0,170.546372719,79.6867402319
0,179.873581364,89.4476903243
0,186.766923412,101.11749489
0,167.998315055,75.0262397285
0,172.483398361,77.2999557949
0,181.440774587,98.2635293409
0,170.466206687,78.7923985335
0,186.141151633,98.8359810803
0,161.728361211,73.0343344222
0,175.832313565,87.8863910216
0,176.962115023,80.3398998858
0,179.033038341,92.9081683677
0,175.271881781,80.1642379641
0,173.883050781,87.4353205599
0,167.702823808,75.7322449742
0,176.068149578,84.7029299698
0,175.457461034,85.504964361
0,186.848166732,94.5111828881
0,167.862729772,73.253269157
0,186.756000206,97.5071456989
0,176.984812948,93.0469611741
0,169.359024037,83.0969005872
0,185.322630288,94.7531982189
0,173.347055247,94.3134550487
0,182.769829757,95.5555049305
0,180.488928707,92.6566005996
0,170.121452869,88.5406546103
0,173.934125272,86.4937248853
0,181.062481134,90.5530609185
0,165.050358979,75.6689810277
0,169.575185038,81.1011858461
0,174.666050779,84.2648332031
0,175.241060661,87.885785538
0,181.089794273,103.782168352
0,175.385675137,87.2483570685
0,169.015364321,79.824768826
0,174.029429551,79.8963221271
0,171.347676895,80.5047191068
0,181.247751328,91.5171489592
0,174.219631346,80.2146717418
0,177.129660236,84.1523889454
0,177.37799695,85.2939760107
0,183.92288784,85.9033362062
0,166.203876044,75.3402157695
0,168.319848196,77.2241820284
0,177.734724218,96.5263881678
0,180.871353328,88.9701050259
0,177.640996489,91.7522426172
0,181.32049637,91.3226621625
0,164.055505442,71.8735682361
0,174.734180416,79.1470996146
0,173.852196689,83.3627401188
0,175.77200843,85.322315143
0,176.342083965,79.9199954122
0,176.799812011,88.0879611555
0,185.119535712,88.0874154818
0,157.932961303,66.1786016926
0,174.941754815,87.01430679
0,180.543412239,95.1879707488
0,183.343636669,91.2906646231
0,183.039397644,94.701855691
0,171.145347049,82.8592628858
0,172.553971714,75.4936773203
0,179.836902859,87.7218353372
0,166.494768031,80.9427327678
0,178.285710183,93.4136249127
0,182.318648235,90.3600645602
0,173.050932574,87.1031462113
0,173.63308571,79.4969908648
0,167.869506814,77.1136263502
0,181.813512772,93.1441028369
0,186.783136016,88.9237428342
0,180.633450877,94.4131002662
0,179.817528466,92.0296996933
0,182.191813631,85.5452638842
0,160.519187138,73.6768850319
0,172.976828059,82.9404530668
0,167.274493312,71.3580001426
0,173.599999514,81.046066704
0,176.682981482,84.9204231492
0,174.569892345,77.8459609684
0,178.202025236,90.960773203
0,175.065275101,87.9639710163
0,163.322442463,70.5289546717
0,178.957307962,87.3291887017
0,174.305120503,72.5123954623
0,176.948469431,79.9498620086
0,175.409566733,77.8858588186
0,170.756545012,82.4220967033
0,167.934131225,77.7396809529
0,174.288163858,81.2529195803
0,175.892492546,85.0346764718
0,176.890441706,82.5558626219
0,184.904452027,97.2837860881
0,190.611747483,94.5859962194
0,180.270617692,86.2832445679
0,188.94555156,98.4947665606
0,163.479896234,70.7939295226
0,181.170582708,93.6147479843
0,170.616942083,80.8087423525
0,188.980246589,103.799350298
0,162.224519237,79.1397861765
0,174.970419088,74.4866268514
0,183.21525517,96.2329214975
0,173.74546447,93.446804803
0,165.335347235,75.9465730439
0,175.843384954,88.5496854479
0,182.747382193,94.8804058414
0,171.355996265,82.6904721824
0,176.054787951,86.2665315266
0,161.876862346,72.7312249658
0,154.126736203,58.6499578138
0,179.484840616,88.7346056957
0,171.688839059,84.7090178114
0,189.609750024,103.192556773
0,178.986380289,89.4427599885
0,182.737786719,95.053130927
0,188.025407058,95.1452053462
0,179.786859532,99.988444369
0,164.407232681,76.7514291639
0,173.692881164,84.2981537693
0,181.531820838,87.4033910417
0,170.038912493,80.2976827088
0,179.824326671,90.694607357
0,165.842784341,76.525700398
0,156.855184966,56.0314231542
0,158.700905125,72.6846566032
0,172.22642687,89.3951686284
0,176.596025471,73.4687814359
0,184.15192185,91.4691947455
0,179.032648651,88.3535333416
0,169.391929423,73.7384281205
0,181.081470663,79.746513517
0,182.363788683,94.9728575361
0,185.563114396,92.7416463893
0,174.887520095,95.6486076524
0,167.755427398,76.8051105499
0,187.924189596,101.299017227
0,175.89910941,87.5192376086
0,176.125269326,78.428298673
0,180.279713016,86.8956671572
0,161.445645168,71.2682265447
0,177.216183418,82.9146414948
0,165.578733008,68.8947581071
0,177.746509683,87.6980399738
0,177.166516766,84.1087124397
0,180.775435127,88.6239253939
0,179.252884529,79.0143789577
0,166.753767379,74.6838993251
0,170.531571914,74.3188424653
0,167.431940832,79.2516398834
0,187.418056566,96.5700677683
0,172.052618405,78.378158193
0,166.481953684,78.0089660501
0,180.883337917,88.869366828
0,166.604579236,79.2949082444
0,166.795588381,79.1821938647
0,157.410749132,63.6289169275
0,187.705844263,97.7762366745
0,183.749146451,97.9116478994
0,178.591703626,83.5716092734
0,170.473533461,76.2952196266
0,167.468503682,68.66690775
0,170.758472353,84.35464601
0,178.090432819,92.1888988113
0,190.097409288,101.580047333
0,163.899348669,67.3458506604
0,177.930186914,93.9819111177
0,182.456248689,93.0740071916
0,185.005318824,94.9924409737
0,186.186738997,90.3405992051
0,168.638708816,74.8720474469
0,168.948511379,81.9915993929
0,175.952944025,91.7611740653
0,173.309162976,88.5693489493
0,178.851227347,83.5665296723
0,177.106288421,85.4811874847
0,166.397264082,71.3070000027
0,175.608664167,89.1546346151
0,187.112119542,94.5133091095
0,167.367591415,71.7515025607
0,173.620249554,83.7324384347
0,178.878815545,89.7693415591
0,183.083710912,92.019030676
0,182.146256955,90.3015223623
0,166.952071154,70.8619955713
0,162.301779026,76.3393863011
0,178.602664668,91.4037105944
0,167.103373674,79.1903694579
0,177.36175903,89.3263046822
0,173.561121233,89.7009621327
0,172.063636738,75.134529449
0,190.586079179,105.635365774
0,186.446308644,87.4219482132
0,176.669095174,87.172138593
0,163.929161051,71.2726412408
0,171.568774137,74.1601764159
0,185.665054082,93.0579120243
0,169.047111925,77.7587012792
0,187.93867464,94.7847407037
0,179.99122767,95.1451336631
0,181.78458359,93.5581698726
0,167.229513481,80.3818734517
0,178.499855503,96.0328773336
0,156.904745868,67.8187902494
0,190.055361081,99.9428948533
0,181.877070453,87.28383339
0,170.840663086,74.1108755429
0,180.147453859,90.6179455205
0,190.651558367,99.1478930765
0,185.676225655,101.244743365
0,179.481459758,98.8613109772
0,170.547455068,77.6585421931
0,170.492809712,66.9220911974
0,176.593357665,77.1275702998
0,165.670716825,72.9540161925
0,173.762575564,83.9725282844
0,174.659197788,80.32367373
0,172.559646784,85.6763851313
0,175.864084876,72.2322653332
0,173.902938752,85.3113245697
0,166.863505736,68.4745852077
0,176.354735038,78.1657048561
0,167.983894198,75.461358803
0,180.027702251,84.5223225617
0,167.571585099,85.1204089458
0,164.945353166,74.3348076452
0,173.656252436,89.3347933642
0,176.594900318,86.0498286195
0,168.797229435,85.7175488612
0,176.465437675,80.4418479265
0,174.574450706,83.5201590269
0,187.40443718,100.352819376
0,194.314783685,98.8297698824
0,180.913282889,90.3477815108
0,163.845774539,74.6161111613
0,168.919689947,74.0579760444
0,175.794449122,85.1051869284
0,161.407779087,68.1960971309
0,177.11706622,91.9463949811
0,174.264849499,82.4289992887
0,181.51889083,93.7080363077
0,176.554099524,92.5262280565
0,187.349474785,105.055925965
0,173.425578377,88.5366630198
0,184.034768894,90.8500178167
0,179.753750907,88.6106563369
0,178.948437492,85.3201974053
0,175.016411088,88.2961863157
0,175.865605055,89.5446183845
0,170.885732101,70.9492593617
0,181.517962317,94.2422221907
0,174.855209122,77.9821218514
0,181.371150373,98.3947497599
0,178.167980146,86.4480727289
0,179.526415225,93.4943863602
0,174.094434779,91.2214590841
0,181.444206357,93.7094887365
0,165.660884023,72.1153745358
0,179.763804603,94.4486208553
0,177.190640765,85.1901182565
0,162.464827939,76.3620290975
0,178.572574703,89.2828775825
0,178.604797023,93.2231592647
0,171.20973601,74.6496881873
0,170.488617756,75.8368010648
0,173.679052913,76.6558966809
0,176.72872699,83.5607039177
0,158.831923341,76.2730657635
0,176.115526676,83.5151619431
0,169.640166888,78.0974778206
0,191.493882265,99.1574227364
0,178.342617874,86.0275458918
0,180.603051584,89.2488057837
0,177.276475245,82.4282538789
0,168.838484929,79.5551810195
0,179.612833784,94.6694624816
0,161.591541907,73.7881275331
0,179.195170482,86.780752832
0,171.203165579,87.3948556613
0,181.445344254,96.7683862056
0,174.227249045,85.004358149
0,181.4889094,92.2825843246
0,179.574926466,86.1759636076
0,181.334319791,89.4969763204
0,179.033533641,87.7065966199
0,188.996797153,102.829854273
0,161.037075002,83.9999264297
0,173.735286562,77.7135763536
0,171.271829619,79.4350763691
0,179.862479911,89.004399912
0,170.460088357,88.338181677
0,172.029678546,83.6734816079
0,174.119113751,81.4455898766
0,174.29349183,87.3644480722
0,179.338632966,89.5124840054
0,170.400424297,74.4688452309
0,165.89173879,75.8985692605
0,177.60733275,84.3076644713
0,173.646172607,87.9886406358
0,180.009304506,93.3783099557
0,193.071242031,106.792865023
0,172.633558226,80.2707575099
0,177.203322103,90.2768689985
0,176.704427858,91.0378264611
0,181.762447606,97.0590587523
0,180.233445147,91.4729511177
0,166.21994267,65.3771876522
0,180.279356275,91.8992602283
0,172.701842155,83.4419856398
0,179.11702833,90.5227221432
0,175.537346253,79.852853394
0,181.878155673,88.4199257481
0,177.519478798,92.3143600524
0,168.800522889,75.6068848698
0,178.540039628,94.1242916384
0,159.054711614,69.3329430642
0,169.219071853,66.3291772901
0,165.989731969,71.1057464372
0,181.881119318,95.2384961963
0,176.308802649,83.4165941221
0,177.530286526,91.0799211104
0,166.791534753,74.4869609683
0,163.597014058,70.1439965626
0,174.31229002,85.9327299779
0,176.784717916,80.1020940321
0,171.331207357,78.5949559225
0,173.151786279,84.0293971613
0,176.666179652,92.447155773
0,166.998136889,82.5772576792
0,185.730878603,91.4912947097
0,169.217152048,80.6680715238
0,175.630608826,91.9106036949
0,167.553119421,84.4704344769
0,170.696296697,84.1205226653
0,166.253051214,79.7617167229
0,185.496433748,95.0674271553
0,173.525802052,81.36125169
0,168.489074906,75.0097884465
0,183.799438044,89.9305705939
0,172.002265825,83.8836553553
0,179.013081906,90.8309631801
0,180.753998784,90.4662716466
0,176.161140086,91.7763492609
0,178.046983618,91.6228138194
0,176.015120908,89.520428011
0,160.807321984,71.2156094698
0,172.433563918,83.1631343275
0,185.935543549,92.0897363802
0,185.77853395,87.9633694541
0,180.075795665,88.7232868839
0,183.24243937,97.4561011677
0,183.217255783,83.5277598123
0,180.864811607,87.8804644664
0,168.280462299,77.160371096
0,183.747635487,93.3037786503
0,172.895062164,75.4158550618
0,181.349164641,89.9957806114
0,166.944121401,76.9634034479
0,170.460536448,72.5975882063
0,183.426188665,92.9582043289
0,160.044849035,67.0871370811
0,176.705654238,82.077459229
0,178.826164266,98.8093121259
0,172.796747616,85.8929949806
0,177.235892208,79.8732116757
0,157.679733373,59.0927778567
0,167.219425987,72.2659349924
0,179.78357754,87.0753007668
0,176.711432732,82.6237276865
0,171.010744624,85.4349056398
0,172.249088783,86.9808736843
0,169.372896628,73.8298549227
0,176.884860223,89.6281345899
0,164.526563005,82.8213601206
0,187.865870329,90.7217221077
0,172.550794945,83.6467512285
0,169.595900255,75.0648960787
0,175.098348242,80.1280806407
0,194.143779133,103.815042252
0,175.250209235,81.805803226
0,186.694672644,102.499274063
0,176.791882642,86.0993818258
0,183.051145164,91.7445335697
0,179.042630323,81.1561636153
0,170.268520425,75.7699895937
0,168.107635581,78.3071033681
0,174.483292134,81.6296208732
0,169.299213709,72.6416551027
0,177.390188979,80.9174689538
0,168.26246461,70.1202500845
0,184.940020288,94.7322432536
0,163.76585727,76.8524429501
0,177.176377486,82.3909938528
0,179.480068748,92.4624421233
0,184.075370974,83.6634458322
0,173.155693428,90.5832179621
0,185.387415421,93.7255189004
0,179.155254517,89.1691593782
0,177.919260802,86.1836412764
0,175.300810594,89.2506071559
0,186.814872161,100.832446296
0,173.019968482,81.6763865262
0,173.450598064,80.9356648926
0,181.678701145,91.9652813603
0,186.427219038,100.219311257
0,177.405192775,90.0971786398
0,178.185993334,92.4124059778
0,168.401303718,68.1066046357
0,194.292052257,103.028651581
0,180.422258401,84.7140393377
0,169.242843979,77.3017330237
0,167.83186351,82.7479500227
0,179.357432533,85.0358794675
0,165.616840939,71.9690316359
0,169.829127669,79.7403028043
0,187.345315679,100.139692761
0,177.541138624,88.7947594857
0,176.599392086,85.7413717783
0,169.530972774,69.9107633669
0,175.44920976,81.3684913438
0,174.146846852,78.1065031181
0,178.619277033,86.3920087142
0,182.75076587,94.3875584197
0,180.128041553,87.0367858502
0,178.742653317,89.5311577161
0,172.203051966,86.0388301562
0,174.4979889,94.3781476262
0,175.551164762,85.600714917
0,171.95064326,85.0140493723
0,181.052038787,98.8394100682
0,181.426040992,91.5543579495
0,180.450125055,92.8175759566
0,164.404690087,65.0213619681
0,170.55632497,82.567985211
0,183.620910445,91.6730009169
0,178.416880072,87.4508456241
0,163.722958937,72.0834022615
0,189.141070903,96.8338528575
0,165.85924448,73.8531274493
0,184.783796329,96.2435551146
0,166.924174035,70.3864422188
0,174.980841145,88.3060133348
0,185.517557879,95.0164377375
0,177.446295816,89.9572680402
0,177.447440259,81.4935375702
0,182.284526624,87.4028875699
0,169.72494855,81.5566194639
0,172.180742319,86.4124289383
0,175.896813178,88.9681265802
0,175.081367155,82.0215013854
0,175.252659033,84.6563539478
0,168.589947131,76.1057195757
0,168.596359091,81.4057175378
0,175.398607182,82.263671544
0,166.795387528,73.2198832262
0,159.392308905,67.9298599825
0,169.108086233,73.1199476034
0,170.871313475,84.9865931663
0,177.384841196,79.8375520252
0,188.509734599,108.213282633
0,180.925542547,94.8157180006
0,179.737677422,88.3582366082
0,172.41254285,74.2641534209
0,170.470897795,82.7862552584
0,169.011123043,79.4209643656
0,170.411695386,82.0461165617
0,174.989280839,78.3146449434
0,182.582049725,94.1547145187
0,179.150965309,88.0012166536
0,175.788594815,85.215084289
0,169.811033874,73.1299602963
0,195.988434272,103.739886629
0,173.224284784,80.039470986
0,169.661314454,84.8190056446
0,188.138323767,99.0752713455
0,177.017027335,83.7417483968
0,179.026203823,90.4278228955
0,168.155527567,74.6769365598
0,182.519035284,87.7383674859
0,167.577026245,77.599145425
0,184.599481169,98.6841980176
0,177.322535134,85.3048417787
0,175.369590792,80.8232736517
0,162.180723121,68.9445259151
0,164.870854501,65.8507875379
0,165.215427782,66.9775673514
0,174.940966333,83.2063217239
0,177.754837528,80.8974911852
0,159.281631423,69.3181983124
0,169.985529365,78.7591741885
0,170.863371688,81.6628074634
0,183.19121485,90.8712464477
0,176.812964268,77.2450554844
0,165.569140211,75.6313361989
0,188.163898366,88.3502021618
0,155.249444728,69.304890811
0,173.536490282,93.6333252212
0,162.440438135,74.7390840134
0,174.196688737,82.1759965424
0,164.911808767,83.9154294912
0,176.935773951,95.0368659575
0,180.64671344,89.5143840359
0,159.522644392,67.4061133586
0,179.860604741,91.2737967666
0,176.655756846,90.3527945239
0,170.262159337,85.4838770426
0,171.187959006,80.8756087631
0,176.204482062,78.6666016624
0,189.344647829,99.0816141245
0,169.053573462,78.6469432419
0,170.840280174,84.5136919793
0,167.644998022,74.918818824
0,170.900108858,92.1408306108
0,172.528569437,73.3326539617
0,167.78638987,74.6025656497
0,167.245234379,77.4701099462
0,175.338899643,77.2513719574
0,178.630875684,87.3152434171
0,168.997138529,75.4647332152
0,181.538054242,89.1494798445
0,177.919204147,83.2884589671
0,174.25850483,84.9539463158
0,175.215247053,80.8675406484
0,187.423767657,100.87783656
0,175.444939475,86.4492231319
0,185.897390743,92.579934062
0,174.44055639,87.1787507678
0,164.902734091,81.3785951774
0,167.922522016,87.4369967248
0,172.082434225,76.9928923018
0,182.407315035,87.4600667563
0,175.7564207,84.2453462525
0,171.21421601,85.5448412656
0,177.486648859,81.5018990292
0,163.491358881,73.7065295641
0,171.431848798,83.1814834683
0,185.730980342,100.44617155
0,171.838481516,85.6790013267
0,174.0862707,87.0094103051
0,179.640885378,97.1873898392
0,173.304581793,82.7274565469
0,171.950693465,74.3618780627
0,187.240526593,90.0209518529
0,174.900481337,85.0009810858
0,168.843365553,79.8083835576
0,177.729594556,85.5592740865
0,171.592705388,91.0721359029
0,188.650927383,95.2260449139
0,183.118404349,91.5633616455
0,176.707240351,82.914346609
0,181.899787207,93.5141599567
0,170.531916015,77.9620805153
0,173.775754192,77.7099965234
0,198.363503378,115.979411761
0,174.352274099,81.1099336409
0,177.868178409,84.5308853984
0,188.7872196,100.173936918
0,183.468356054,91.6878735053
0,171.873326805,87.5803618282
1,148.65458321,48.8938539336
1,153.265583938,50.3840219033
1,156.042138643,44.0250174017
1,166.308792313,70.0532079156
1,153.630490329,55.2465497414
1,157.480803637,53.0922402811
1,151.555836308,51.8850093743
1,162.060380585,56.6142556666
1,159.685686502,60.1893799629
1,168.672643974,73.1083028574
1,158.887607812,51.4596178983
1,176.95117956,75.7133869211
1,157.883787583,55.170948682
1,159.244444834,51.4124084867
1,169.362162228,62.4814327316
1,156.654026589,51.2062309215
1,152.429932441,49.4640799108
1,164.14839681,64.929755792
1,152.346564078,51.8453226228
1,164.646799037,70.3108653681
1,170.008925051,74.6910098983
1,164.132926876,63.2384196694
1,158.84454892,61.9755631695
1,149.622199171,43.0808175199
1,162.172038917,66.4017698958
1,171.794502082,77.0197211342
1,162.699547411,63.2779217641
1,152.214217022,44.6466930229
1,167.444021543,73.3673235197
1,163.288334727,65.0949810899
1,160.997221611,60.2461008608
1,164.800625013,63.5332014208
1,162.756113801,58.5650449387
1,170.852381891,81.1960300258
1,148.197653663,50.0065514639
1,162.199593466,60.3252888778
1,163.624060891,64.038420449
1,157.222217564,48.7189290453
1,161.876066567,54.0075319873
1,169.872386479,70.6299518986
1,160.588461335,55.0067401711
1,156.284686362,57.5223382812
1,160.837190925,59.6924139739
1,158.122945492,60.68271473
1,162.062242394,59.4975941143
1,167.895191064,72.6335457295
1,164.96364389,67.8583724144
1,155.425888656,58.8589904997
1,166.571309343,70.2180781831
1,163.669971117,68.9368150242
1,154.989600012,51.8854301629
1,152.044713324,55.2760849002
1,161.902395822,59.7326716643
1,169.154035665,68.5600699744
1,153.892830802,58.1431960758
1,163.729451644,62.8395445202
1,160.37462182,57.633668527
1,154.337498621,56.7074651781
1,144.32848919,46.2573151986
1,176.183008323,76.8629615665
1,158.295138245,62.9606972536
1,167.273323521,73.728745123
1,157.806284845,62.4708040148
1,164.234968983,68.7016773356
1,169.432998189,72.4369644806
1,173.510021744,76.3726529566
1,164.027655843,59.7348930187
1,162.567576214,64.150634764
1,171.286406438,67.958252865
1,161.25368223,58.544761718
1,155.481450006,61.2146766196
1,170.502522219,66.1155848969
1,170.072685107,68.4123960997
1,176.209563064,71.8739938605
1,158.18538691,65.4240102033
1,166.274674877,66.5581835155
1,178.657337188,78.9393824194
1,162.306290979,64.7946948148
1,156.233338895,46.6781537219
1,155.014068407,55.1742350547
1,170.380849199,76.1552447972
1,171.513755071,63.4700887325
1,161.472161606,62.4978173647
1,150.676693007,46.2854854952
1,166.546857869,62.5966661213
1,164.600873297,68.5114986533
1,162.572681142,63.380894834
1,153.561230089,55.7371437215
1,164.973363795,64.5519131559
1,169.351965473,73.6232607462
1,158.264898812,60.8255153048
1,165.428145207,71.1693855878
1,152.631869855,48.0863324887
1,154.453396192,50.3415721098
1,157.861015324,62.2185743094
1,168.273377721,63.8655737037
1,167.459563684,68.0350868993
1,157.250897596,64.784291724
1,156.831320208,59.1039783867
1,158.093535732,60.9642962755
1,160.039105938,55.1486765215
1,162.437118948,65.2226512434
1,163.649715093,59.2810471994
1,156.736088434,58.4035979223
1,151.073658971,55.4123633999
1,165.632951456,68.2029027576
1,168.822984001,60.2214960485
1,164.780160928,71.3904453583
1,162.159398736,58.686725599
1,150.260098669,49.5316090149
1,160.007400196,60.3143740027
1,164.000202559,64.8964688799
1,158.117132909,53.9799352163
1,170.362526795,78.22268207
1,162.598262744,66.6189647319
1,170.606262216,70.8667598589
1,166.024224917,60.3600770649
1,158.106302375,62.0637241311
1,163.593770905,66.179368585
1,171.893278868,78.2784175254
1,165.585604651,59.2013933468
1,153.88957474,56.4087918849
1,157.321794747,57.8194865667
1,169.650315451,73.4912562732
1,162.463465557,65.6354807439
1,167.40525496,66.4125626914
1,166.984741266,69.3251678339
1,161.52738707,60.7122624754
1,166.702861396,54.069743096
1,168.437164677,63.1137452856
1,160.504831006,67.0031043632
1,165.155442522,56.5016754968
1,162.405983374,67.6900348235
1,164.401537208,59.1529749971
1,159.533161016,57.4720999754
1,165.122097808,57.6844582008
1,166.086294251,67.1083898359
1,155.39684722,53.9890445365
1,160.681321314,62.5101859999
1,154.926382378,51.0962887517
1,163.426412275,57.2114983543
1,167.641911349,72.1803702549
1,155.338729235,57.3831295607
1,171.918189766,68.9182280504
1,160.997043936,68.0598670388
1,168.34102793,69.0493306172
1,160.080282795,63.1572534795
1,167.42065128,68.946137435
1,166.107872099,68.0026891513
1,166.255381365,64.6181950718
1,166.752289544,70.1528102375
1,162.355825707,63.8236990763
1,158.332205105,57.293809999
1,163.016259885,65.2533878672
1,164.958971838,64.5262982189
1,163.250794486,64.0854840961
1,169.567247374,67.5673793513
1,163.550684878,66.1715579806
1,165.394894926,70.0610851155
1,154.522168566,47.4904200827
1,159.258297449,58.0834695724
1,161.669726783,61.0710936917
1,159.981316854,60.4817499983
1,148.888505782,51.3321715623
1,163.65456939,59.0928702666
1,165.792979892,70.093651788
1,158.70676607,56.5402557598
1,170.119796531,68.6769427033
1,163.711102254,69.2658830758
1,164.267716988,67.5509760686
1,158.15585516,60.9301068632
1,156.561933817,58.3111018043
1,163.033550416,59.9632961543
1,161.092820733,60.9262766798
1,170.484201143,71.004603186
1,157.800420767,54.5850692682
1,162.215000717,62.8706647304
1,163.768028022,62.5797373806
1,165.75090081,62.430027622
1,148.427230618,51.4754311648
1,174.952930552,82.2436554747
1,172.259617884,74.9103771452
1,164.534632052,61.3247903256
1,162.672375206,67.9598719352
1,153.992231344,53.7691810591
1,157.101549715,62.8897003701
1,169.547485631,76.401257382
1,167.191710765,72.9911261227
1,155.217841965,50.6820266446
1,165.456961503,63.4247434471
1,156.509133438,56.7104097274
1,169.174276797,66.9863081803
1,163.805200264,74.3855229106
1,153.857005774,57.5376353942
1,155.384487686,61.0707937545
1,158.031308713,50.9714636422
1,161.794819404,59.2442412027
1,163.423291135,59.7287308241
1,173.63555886,75.5551378942
1,154.010985601,62.0873276942
1,162.115736924,58.4711468047
1,160.178718943,56.3799885417
1,166.341225144,61.2409410584
1,161.755030527,59.6896002112
1,162.964201481,62.4524805671
1,160.271433489,60.3087164907
1,155.387419171,52.694318704
1,166.942953191,59.2248311936
1,154.690986215,59.4778391981
1,163.574041039,59.358834813
1,155.702078823,52.1762745312
1,158.073861668,68.5269965557
1,166.975910464,69.4180163137
1,163.400218808,66.0008693043
1,162.378229525,60.358061845
1,169.258118892,66.4110342346
1,152.675817338,44.4922030525
1,169.323073046,68.5943336276
1,164.179255014,71.174648393
1,168.455617934,65.9307586158
1,175.105300919,76.3811896521
1,166.912388335,63.2093284929
1,166.153412798,54.3306320862
1,162.60809123,60.3764746404
1,162.781437587,62.3646490242
1,153.469987652,44.1181541994
1,161.404923381,55.1392101862
1,160.657280403,61.743924867
1,161.483296749,55.5942449307
1,154.013430364,49.7617549731
1,156.905182655,55.2908560634
1,170.474474563,59.7474216
1,157.649572568,52.1302796416
1,158.748310434,65.0503778451
1,161.19711049,62.613551226
1,169.681407785,68.503715425
1,160.903382162,61.7113953025
1,161.920158089,62.2115436082
1,164.962426623,59.7392265212
1,167.384442923,69.6402814199
1,149.745503352,44.9868304461
1,172.421078466,65.7326983886
1,169.566735304,75.4017177538
1,154.912610009,55.8030790155
1,160.902853105,61.2247069937
1,154.630731517,58.0739980063
1,155.446599983,64.595178607
1,173.244291006,75.6086545838
1,163.966391833,56.2916001922
1,158.327210918,60.4611881038
1,159.45740337,59.1808645958
1,164.548665169,65.4354622108
1,156.823277315,59.3321196807
1,165.006813933,64.5037287807
1,155.934774859,54.7403920064
1,159.42179137,58.1349247249
1,158.247130066,63.111892508
1,148.302887152,45.7567084104
1,155.271838096,50.1698762358
1,161.145854818,61.1859855126
1,171.705641049,64.6991318002
1,162.647587441,61.8609140151
1,167.344748573,59.7042159763
1,161.788806458,66.0309174053
1,166.365349357,60.0139043831
1,151.60050872,49.0968574425
1,166.605339841,70.1278927967
1,158.567410749,66.4220628582
1,163.093135525,67.2872626213
1,159.412290292,60.8395665728
1,152.091825887,45.3035737835
1,162.318835849,61.9587344903
1,164.831992765,65.5865470193
1,165.300080023,68.6931766606
1,169.415596531,59.9887458329
1,162.348108988,71.1135703721
1,164.094838795,75.0086767157
1,165.373829799,60.4786107531
1,155.975132596,52.1111619416
1,167.233474899,72.6953136165
1,164.107773435,70.24036882
1,157.080204671,62.0877181535
1,166.716683591,71.630996712
1,162.714610389,68.7243982714
1,164.68146657,68.5888631826
1,137.828358646,29.3474838149
1,162.867589023,73.3170277258
1,162.866348921,56.8761245707
1,155.778248643,54.3011327067
1,159.61168129,62.8325671267
1,170.515950294,67.9962478017
1,157.52310659,66.3276234286
1,158.076744648,55.0775670928
1,169.156160765,61.6572165739
1,162.200143462,62.0751619383
1,154.000773126,55.0757252593
1,164.503746466,70.792835019
1,157.941570723,58.6696374615
1,164.451746542,64.8889830387
1,167.51693375,65.6980481366
1,159.724156764,67.8603920161
1,157.846086216,59.2175261463
1,157.502884444,53.9613453825
1,153.964160602,48.3993105813
1,160.765502652,62.9105424833
1,160.583075152,57.9972154034
1,154.752924754,54.6828122367
1,161.992069096,55.5467621344
1,159.898660326,55.2531582643
1,152.483233692,42.2766697553
1,172.640999401,85.6710229679
1,145.201233743,48.0830732905
1,168.04755385,65.1608898781
1,159.931306836,55.889793912
1,161.968116851,58.8119679905
1,163.834582138,68.839626939
1,158.699079586,56.3775158645
1,161.608725514,58.5105908952
1,146.808268862,50.9590970928
1,162.069329928,62.5939804385
1,157.471709482,67.6723368731
1,158.075064956,53.0055213419
1,161.146568056,59.107000875
1,157.999930003,59.7758167629
1,165.389245363,67.2861085307
1,154.881893064,55.065519829
1,169.606346311,65.2091362489
1,162.048866105,60.5971610487
1,163.590763492,56.7776300412
1,161.544252077,68.7928050497
1,157.490490959,59.8092893192
1,162.835049489,67.7013900433
1,163.363355705,64.1461476042
1,164.672137429,64.0628319919
1,161.180634671,58.1487352968
1,170.023043643,68.4443772408
1,164.457588449,65.6006269067
1,158.996924897,63.9336545381
1,179.462316752,72.0219513083
1,170.037336206,76.4864648174
1,159.513553138,73.0352656145
1,164.052305108,68.4094570219
1,162.995308663,69.4785644918
1,157.965945421,53.1196236522
1,157.733310993,62.8709866212
1,172.139648161,67.866207841
1,160.991780892,60.1073139664
1,167.709629952,63.7271352598
1,157.158036264,54.8818005892
1,165.204718075,63.7141856867
1,154.428299807,50.7565394905
1,153.877816333,46.1495097624
1,160.66705644,57.4418468255
1,155.842845327,58.9496397709
1,164.415837124,59.1973125056
1,164.222984136,67.5681689038
1,154.473357806,51.8038200967
1,153.848304952,45.4830588982
1,170.459314182,76.2349675568
1,153.975260457,52.6853770359
1,157.257125366,61.9127343283
1,162.920577576,65.3498167876
1,168.309757136,67.6202000919
1,159.113410769,55.3637920019
1,153.171757254,49.5659576521
1,154.434393481,54.6710958337
1,162.41870697,59.6147645096
1,158.198479518,51.4696995438
1,159.291078872,65.9268304484
1,163.720003921,67.5673902452
1,154.799606,51.499783937
1,156.513659399,58.8175858273
1,162.762175338,55.7929636364
1,156.584388809,50.7695943255
1,164.394894577,65.6843914309
1,153.744085589,55.5612881392
1,162.717583916,63.693880791
1,153.719551765,53.993236612
1,164.769649424,67.8058860108
1,164.209557884,63.9094631714
1,158.498708976,60.7042322976
1,155.721506818,59.9772278039
1,159.679107242,51.2091878009
1,150.16843995,48.9282995938
1,161.69260238,56.6279778394
1,161.014940582,65.5598493848
1,158.831251035,48.0896967673
1,159.904515155,64.033274108
1,163.740764444,70.8785414683
1,166.310690252,67.6392005412
1,164.352116799,67.1096746567
1,165.520274583,66.1118292929
1,164.717798621,65.5668091439
1,163.197297047,68.6813159327
1,164.398646793,62.6346635176
1,173.014740137,75.65751004
1,167.751176386,65.967699025
1,159.823026087,66.3166061112
1,159.895843882,64.9946669867
1,167.289147043,67.9802217762
1,170.839211093,74.467257767
1,158.624892012,62.9593723098
1,164.00988736,62.3750135376
1,157.782359722,60.8397512469
1,158.072109581,60.4081748464
1,173.325270803,66.6172109224
1,148.793936958,44.7178157579
1,167.80444623,66.6647003805
1,164.863936945,61.7875445794
1,156.930667113,54.6672445219
1,163.539221426,65.9296813035
1,169.408253547,71.1131864752
1,172.461188332,69.5268564734
1,161.966241904,60.6818758756
1,158.486365233,49.1690980907
1,160.935694763,61.2149290349
1,152.752786983,49.5066452455
1,166.847630518,68.1619749433
1,166.95204922,62.4833170232
1,154.24153701,58.714555176
1,165.000491381,60.8041639135
1,160.667937926,55.8460784223
1,167.179329401,71.444205412
1,161.208944783,62.5172722066
1,180.65189301,79.8505573916
1,160.995455576,64.3877499337
1,151.483851431,57.7889865545
1,153.929017005,52.7029298606
1,159.325040608,60.135563772
1,154.020990819,52.8076521924
1,168.041456304,72.7609801078
1,172.134345992,70.7163474541
1,153.724634506,54.679726617
1,176.023086546,83.9998501031
1,162.625639803,60.8641251378
1,165.419928354,65.5589440799
1,161.449156592,59.7815967604
1,160.802203087,60.3163504542
1,171.667194043,68.8979955554
1,159.183599756,65.2439058719
1,173.722741816,67.7226136509
1,155.709431238,56.0685426724
1,164.386257073,67.6356355606
1,170.136360188,78.0561763151
1,162.03400028,59.9285810394
1,156.492120495,58.1223017743
1,153.823448691,54.1870758538
1,168.179842459,69.9860676405
1,157.563219905,48.2027090858
1,160.169672934,60.5503798058
1,158.951907412,64.6666153578
1,161.439400633,60.3510444072
1,167.115872538,63.5843440693
1,154.513713853,57.8477576576
1,169.303657522,72.1047396422
1,161.471366765,59.3544542516
1,172.588130061,77.7049115007
1,158.485392876,63.4347571898
1,166.972718515,76.0510009651
1,159.346491791,66.8461244927
1,161.030595287,63.5956444857
1,162.968551738,62.7433922766
1,144.76591891,38.289657772
1,163.744132102,63.2839786389
1,156.028595625,46.7584835355
1,156.944986397,50.1034077097
1,164.31632698,62.3148103842
1,160.173904026,55.5349646381
1,150.126685556,56.7216156354
1,174.462193719,71.6335804201
1,172.236546584,73.3095815766
1,158.735716658,57.3865359331
1,160.481314361,61.5863470468
1,160.47273167,64.4329897356
1,167.084897743,64.9340344648
1,165.668104777,63.2992010051
1,160.002711687,58.1923648855
1,165.561698893,64.4734486514
1,158.905882637,55.8089311996
1,164.288842944,61.6166648022
1,157.531066343,55.4081132101
1,172.025750765,70.0177862033
1,157.389001402,51.1804265618
1,158.314222314,51.8838382493
1,165.718888377,67.676517697
1,165.072720174,59.1637272967
1,152.179200311,51.5836270647
1,161.616812406,58.5675165621
1,161.855251025,64.6153992412
1,152.429590312,51.2815325267
1,167.323282688,67.8306261052
1,158.456876672,61.1385820189
1,146.941832587,44.0167350664
1,172.170801899,73.5710145607
1,157.212720868,56.3864389632
1,151.807723774,50.4667035173
1,158.819161141,53.3695135857
1,153.231874223,56.3389980954
1,168.11077472,71.5237831766
1,169.800590374,69.8906059196
1,166.588512845,57.1448769153
1,156.740490268,52.0971087526
1,152.496204631,52.4001917104
1,166.948385397,65.3410046918
1,166.677336214,60.6727391663
1,152.467944439,46.8955298936
1,162.0585913,57.9730484015
1,146.778521304,48.4682119805
1,160.123402071,54.4209387864
1,154.164630488,40.9074118881
1,155.311714121,47.800889525
1,151.949747692,55.4073887401
1,162.188356519,66.14538315
1,166.266357521,67.420483539
1,161.008164165,67.8485390341
1,162.135730684,60.9604410782
1,159.265590528,63.1380591447
1,158.485852574,59.1329759141
1,166.081879477,66.2644761961
1,162.455339709,67.2399284361
1,161.95904391,61.7932805678
1,159.856651934,65.5286962729
1,165.986228276,62.3354457553
1,158.889250407,48.8668090848
1,169.47247143,67.3238859024
1,158.757365588,65.6238902381
1,152.644962661,47.3613108342
1,168.407274129,73.3703706597
1,168.763421249,66.0674563617
1,162.440602361,63.8667655511
1,153.025493253,47.6117366818
1,160.103772173,55.3582537845
1,154.865975053,47.5616107324
1,160.837288022,58.8755067993
1,166.34387741,55.0346678685
1,155.971185507,56.7018148049
1,159.430906739,60.4216880017
1,152.87851585,52.4281650954
1,165.122334861,68.5113392103
1,178.360905015,79.7243404936
1,159.203887217,61.9134807856
1,154.701237292,58.5157165156
1,154.329708931,51.848523571
1,161.892784958,59.0940864247
1,161.423658737,62.2372603088
1,158.838406693,56.964489047
1,166.533026668,74.6450983524
1,148.987368674,49.9009997363
1,171.500122179,74.1581938083
1,167.820611499,69.1365632493
1,161.476059492,59.165064969
1,168.02658093,68.4451359251
1,163.106417563,66.1435008561
1,167.679417107,65.1123285152
1,159.928560023,60.977243917
1,157.502439509,57.6228472434
1,151.248394011,45.0479888234
1,166.328359697,63.0412192998
1,170.06943028,74.4296581451
1,163.447720552,58.8209657642
1,165.081732209,68.9013539068
1,161.619590734,76.3908374612
1,158.240662947,61.8910169528
1,162.608759459,64.0363514457
1,149.124558253,43.8373240307
1,170.578320965,68.4527240898
1,145.676855612,32.998910548
1,162.01419773,57.9022817087
1,161.201894951,57.3138479032
1,151.823824056,50.2756618014
1,173.443789786,71.9106869124
1,164.789934095,66.5341288498
1,160.911565973,60.8231221032
1,168.685945035,72.777600748
1,168.274025085,70.2421907899
1,149.975648743,47.7999746334
1,168.441916303,74.1541590807
1,158.776070185,60.6827959623
1,176.318463751,77.3947762708
1,162.161823931,58.8661791019
1,174.845333592,73.3210309362
1,166.716702338,60.5163268006
1,158.628755098,55.911523655
1,165.158014916,63.1950072263
1,156.407325648,55.5848992887
1,167.071787414,60.7819885179
1,166.701732413,71.592707418
1,152.766421947,50.4352566953
1,153.042129559,56.9200080007
1,169.411070292,75.495898519
1,151.790268496,54.3029478501
1,171.857587552,73.4649857615
1,158.780230973,63.2543447774
1,150.64538196,47.1286661686
1,167.594479536,72.9060636084
1,170.739173941,76.5706554717
1,160.646468918,62.6611781991
1,158.896264216,61.7651687743
1,163.598415815,63.3234086216
1,158.702332484,55.612837926
1,165.517072288,71.1624104863
1,157.473091429,67.0926734276
1,162.773135397,57.9887145152
1,165.630149736,63.7690954516
1,165.341127583,54.8141186334
1,160.856729805,65.9192156172
1,150.91852778,56.427036065
1,155.975928374,57.3678809829
1,160.299371312,60.4877664697
1,168.998738473,62.4393097408
1,156.03737782,59.6132814686
1,165.685712909,72.9087262057
1,159.863896574,61.5014061066
1,148.989229192,51.6552186987
1,162.680806871,65.8490518402
1,157.284821073,59.3782819633
1,155.532058377,56.4436978312
1,164.322945956,61.4840440631
1,158.663664916,57.7436288101
1,163.848134509,64.207125324
1,169.964296204,65.6648595311
1,157.737861106,65.9739067259
1,170.868812127,62.4298765902
1,166.896350241,70.7891270978
1,164.669744225,71.1740028042
1,147.401719856,42.0894938334
1,164.381662795,66.3797568824
1,155.464011134,57.6907350443
1,165.275347253,64.6992431556
1,148.631297453,52.6055738946
1,169.479450221,74.6101635932
1,171.010199091,73.0118379336
1,149.964642922,49.03062904
1,178.689038957,91.7332570823
1,167.288255232,64.8500795635
1,160.998056117,63.1325080353
1,166.718964117,73.7567178791
1,159.085916039,55.3320938587
1,161.788183988,59.1954009997
1,159.440491791,64.3234069931
1,168.867929765,62.8737066958
1,167.279490168,73.4375319473
1,171.656653634,81.2017239311
1,147.67032374,52.4548767417
1,154.241060554,52.722271865
1,165.445134508,69.57992872
1,170.567999673,67.5963020568
1,157.230980801,59.4297883187
1,165.282029984,62.4278534522
1,162.330788115,59.6748315262
1,158.142242623,58.2646699819
1,163.604326742,61.1103233094
1,165.772580074,70.8555743069
1,170.707382549,69.0177014921
1,156.949439568,61.5223071037
1,170.289814967,69.7390250637
1,160.290067961,61.9561694601
1,163.094228367,65.379874761
1,162.032264015,58.6681274008
1,158.541651773,59.579251815
1,156.445417756,53.5952656469
1,164.203629025,67.444448572
1,169.162935201,59.4165422826
1,164.234885423,64.3616115248
1,162.202569164,69.9585010718
1,154.651083135,63.1278903854
1,158.949751079,58.594232745
1,153.922568664,47.5594305139
1,152.796065048,49.0531840223
1,155.305055302,50.5705362204
1,156.188251946,52.4572766401
1,158.757819115,58.6032308506
1,161.900613267,66.6052837524
1,154.316393368,44.8508254368
1,160.864941996,55.3227628419
1,166.034158788,70.804614581
1,161.864947676,73.5037499283
1,162.263003732,62.3182791853
1,169.388074257,72.6893630663
1,156.447139908,49.6456930494
1,151.862793211,49.8171161053
1,164.18829386,57.2986687695
1,162.962176296,62.9562736042
1,172.242010723,66.3422197367
1,163.831753989,70.8622352566
1,166.09192736,63.0997465954
1,174.407699885,72.7603540664
1,170.577605965,73.751725413
1,169.411314027,65.146998928
1,167.230564268,65.2295731188
1,147.308751441,43.5040636629
1,155.18330512,52.2650884145
1,169.440047395,74.8101048349
1,163.128389967,56.5976710898
1,168.331490196,64.8391962461
1,151.881486859,53.8659267138
1,156.386062549,46.8668221848
1,163.794254644,60.3067220734
1,156.221730229,55.4683372047
1,158.52597797,64.6843263608
1,159.767229359,68.7454016604
1,160.579381073,56.7330015431
1,173.433875235,75.9043321356
1,159.625972334,59.4817830625
1,171.230925325,72.3791058093
1,166.463224125,67.255492179
1,154.832156063,47.4834777478
1,165.222954749,65.7109750812
1,146.556709865,41.831673287
1,157.625623153,62.7303230933
1,172.992001757,74.6099045699
1,169.006716224,65.1652180782
1,160.11254783,65.3010414258
1,172.162333199,74.0282494998
1,154.647578353,58.300378534
1,169.779611671,72.5938183618
1,165.291957486,64.9479456251
1,168.544582697,71.1116655314
1,164.191233886,63.9939958751
1,155.837928989,61.8257686376
1,158.474111876,56.9871295744
1,166.825138634,71.4239076961
1,157.478827851,64.962677102
1,156.97677413,62.3175358541
1,160.105538267,57.8967193787
1,170.513001445,66.4856724955
1,151.866655846,58.1750009476
1,165.196079266,62.8060467944
1,157.070658317,52.7995903425
1,159.93969138,56.5964901955
1,158.200993441,59.1462158606
1,162.055769747,65.7547849129
1,159.682997515,62.7949150819
1,167.530436381,69.5999315462
1,173.450604507,67.9715188063
1,169.39737525,68.8611761148
1,155.216400121,53.8772964431
1,168.344275758,63.8913733494
1,161.840693979,65.7685739769
1,150.970569002,47.028001645
1,168.024945374,66.3549735093
1,149.061097326,46.2009723164
1,169.119319172,70.7113677367
1,169.241279756,64.806572452
1,160.477859991,59.784278819
1,167.321282542,57.1929134175
1,158.437503903,52.4155917365
1,171.274767803,76.6218723652
1,159.483449323,54.4370837098
1,172.871990826,79.9431243095
1,169.558114551,62.4331481438
1,167.40720836,62.4584119298
1,166.099133975,66.5484112427
1,155.55415159,61.5679435416
1,163.830745129,59.9993554232
1,163.377056183,58.3070235326
1,159.923251028,62.882094851
1,161.762488509,58.522966236
1,165.8804458,71.8539407344
1,164.663588951,68.0526264536
1,143.596781153,44.335885659
1,144.717208567,40.9783440329
1,175.441029387,71.843790449
1,162.192243882,62.7534393071
1,161.758071902,64.2521479273
1,155.050673074,51.6594004155
1,168.447464532,72.1364336063
1,151.99340643,49.0340344665
1,166.78371148,65.2875481897
1,156.197879413,66.1095861169
1,151.471814304,50.554948024
1,155.818140428,51.8642613756
1,162.1668388,69.5118355963
1,165.54738439,65.5595957412
1,167.174297606,50.1167345328
1,152.465913169,39.4786006189
1,174.823385143,74.131290406
1,158.890780369,65.4530115402
1,156.785589887,53.2382818625
1,164.364984897,62.47867341
1,166.788144083,63.331733852
1,168.857360128,72.480510623
1,157.991136525,58.9039466517
1,156.221769904,52.9863074601
1,156.541357949,59.6585974452
1,159.309545934,61.7500466633
1,161.502548055,58.1594398
1,154.323967385,62.5072128076
1,167.939752397,72.6840398897
1,165.708931317,66.3328261935
1,164.143504997,62.6212195066
1,164.165583504,60.5949495092
1,163.848619862,61.8325210145
1,170.737855873,78.10542087
1,162.008928586,67.7413114458
1,156.339820355,57.6402967679
1,161.881389753,64.9487255145
1,155.450526524,52.5718677195
1,159.368433661,62.8488250876
1,169.030925737,71.2551668146
1,159.728060073,58.2236397039
1,156.418215561,63.7686088146
1,161.342153195,62.5769523568
1,156.458048058,52.0101682838
1,159.752280928,54.71083309
1,163.002668822,61.2945405959
1,158.581656575,59.6503230235
1,167.529721922,69.4775656476
1,165.689857909,69.3825582296
1,147.982851226,47.5694165128
1,152.46582993,57.3616674859
1,162.06604217,62.6643891323
1,153.851264828,61.2705634725
1,163.696703247,63.5426637646
1,153.52331433,56.123168407
1,156.233130137,52.6465248342
1,165.179526442,71.1381980547
1,163.348279848,64.7826264422
1,167.675641366,69.9843011705
1,166.878032288,72.9503032179
1,167.242280353,73.3784217535
1,160.992315803,60.1344808871
1,174.826713396,73.9296971607
1,161.898157752,59.8366921817
1,162.538859253,64.6986343818
1,142.187162605,38.7447415126
1,175.202252821,81.0270586547
1,155.152920171,53.8612838155
1,167.587896854,68.2589830046
1,165.07726773,68.2234398117
1,156.98181425,56.8026645748
1,159.971169422,55.0310186964
1,159.452078861,60.7104079381
1,157.707161262,62.8794106487
1,165.014128212,66.8395872237
1,169.135910637,66.9360369624
1,164.835380282,71.7641465063
1,150.477007604,49.3091334076
1,160.98037098,57.4001823127
1,164.561066441,62.9548880947
1,167.802941807,77.9896782923
1,165.233652153,68.0832810738
1,168.704929091,67.2267620138
1,155.135510741,57.6469478752
1,164.82939606,60.7155278662
1,157.803799473,62.0437352875
1,179.708582028,87.35446917
1,164.390258994,67.8187223539
1,160.75716818,60.4606581578
1,176.171503878,81.3915148241
1,157.176617171,60.6821039122
1,154.822116292,54.4513122893
1,166.326128201,61.3612144715
1,167.937434134,62.4188467837
1,164.333333971,73.8282136933
1,173.07461239,79.2119956396
1,156.280335616,52.0923446517
1,162.955552605,57.5496843868
1,168.161786585,68.5017702359
1,172.641734546,76.2790101977
1,166.793131697,58.8146372737
1,161.435830825,67.3376692776
1,157.110300889,53.8805424578
1,158.788284135,59.9213313047
1,152.081231789,59.5059429145
1,164.478698434,63.7510670329
1,161.369916502,59.6183619773
1,166.681168735,68.7156292679
1,163.4425704,61.0686600152
1,165.736317825,61.3725092684
1,150.735931385,51.4445825644
1,170.395372826,65.0414143658
1,164.546414949,56.9074408166
1,161.816221527,60.2193411534
1,163.761235902,58.1467979776
1,154.011475635,54.7215951503
1,175.194563748,75.2784583719
1,155.420589351,50.9157782624
1,153.931429411,60.476287769
1,157.152952639,56.7198519769
1,166.791760359,63.3784032598
1,151.803124146,48.1800583412
1,169.860479615,68.3100236708
1,154.080287439,51.750111889
1,156.993421831,55.0387176473
1,158.861549925,64.6305776347
1,154.902634904,54.4473437368
1,170.274507421,68.4058970486
1,165.36906682,67.9003704668
1,154.914069271,51.5429226219
1,164.512836526,64.7751073411
1,169.990353886,73.8055529405
1,155.304742694,57.8093225468
1,167.552154819,61.5745898525
1,156.12187723,65.5137216188
1,146.660087446,42.4802666676
1,159.26538941,64.5092352986
1,154.226071813,55.8932305248
1,159.485750041,59.9786441307
1,167.642170206,72.0968730122
1,167.247103615,66.662555764
1,167.496031231,68.0225056256
1,166.154080994,56.1450981355
1,169.588681346,71.2170926603
1,144.85329789,45.9047049022
1,154.286375378,55.6504758053
1,160.794878998,54.9057925196
1,157.950111341,59.9862620511
1,165.95576028,59.8780112677
1,159.887920638,64.5584730871
1,150.89036142,50.7358781018
1,160.8703189,68.8968786037
1,169.678276496,66.9751749297
1,148.211547722,49.950567448
1,164.975826593,69.3994023275
1,152.560386044,46.6746759487
1,168.513900162,73.1824757757
1,170.867361728,65.3350386223
1,167.630343527,68.2928566046
1,169.648103449,58.7037101321
1,166.483875338,67.128570592
1,170.632806494,75.5691132403
1,149.231322349,48.4645491399
1,157.879735446,59.8747405604
1,160.236312364,56.6218782539
1,166.230667393,62.2238864353
1,160.455698229,64.7492919038
1,160.94946919,70.1103532136
1,158.189613675,50.5490504574
1,151.167282662,49.6326241631
1,174.102900261,67.5073202309
1,159.908111763,59.3830584091
1,158.383252239,58.7470693439
1,161.659373605,66.7649309362
1,173.379377568,78.9896734671
1,163.001345047,56.9928927241
1,164.542266904,62.5606758495
1,160.363032235,55.1288219442
1,155.131034106,54.665086659
1,152.149946546,52.8450664544
1,161.559289382,66.5061894704
1,157.350823041,56.539842516
1,168.380423782,63.6478149386
1,157.935168933,61.6691056628
1,153.52914889,52.3629290343
1,157.264566654,56.2267028064
1,169.226342252,67.96088006
1,150.016724717,56.2214348279
1,164.753000229,62.8155312036
1,162.80290883,60.6373309947
1,155.221240492,55.9670825187
1,162.832441216,62.9272049919
1,160.081480767,60.7850681018
1,155.647007396,60.1165149477
1,151.635521738,50.416000878
1,165.840115233,64.3198904376
1,159.688698332,63.6381218659
1,159.775446824,65.3492015542
1,159.941080789,57.2365516781
1,172.581216422,73.1562104628
1,165.648112352,68.3321708153
1,169.605133869,73.5275933947
1,167.016550949,69.0751451492
1,156.645683388,63.5141774391
1,159.330376796,54.6136163793
1,165.52589175,61.5592085734
1,157.03805858,57.575510451
1,164.608537448,70.8037631166
1,162.555812235,70.5780827325
1,173.234056918,74.2126319187
1,166.671591675,68.7194206337
1,164.186228131,70.4511945842
1,154.060482248,55.8300961852
1,154.272057755,54.8513377311
1,166.10062414,64.8717989053
1,168.279884613,56.254488004
1,156.148796929,55.0603239387
1,163.816887439,67.7678552286
1,145.734426672,51.7967145517
1,157.6222702,56.7606880384
1,153.599545396,50.2436233017
1,153.525890277,61.4887050576
1,177.466019174,80.7358429598
1,167.210043318,60.2497168684
1,149.979452501,50.6696102435
1,172.824305423,77.3439458219
1,160.915851783,64.3677101209
1,166.650017898,68.5693204594
1,151.228370423,54.9957504441
1,154.825914031,43.4027453883
1,160.475925555,64.0772249103
1,159.097154332,46.6535915016
1,157.677692502,62.9094879556
1,152.47730178,44.310273916
1,150.10955508,50.1354220843
1,168.078536455,62.0412096055
1,170.350572809,77.5043783899
1,162.224700223,58.2754243338
1,175.346977552,74.3222262725
1,157.338384534,51.5503658309